Question (EN),Answer (EN + PL)
What IAM feature allows seamless portal login for clients?,Single Sign-On (SSO) | Pojedyncze logowanie (SSO)
How is access restricted for different client types?,Role-Based Access Control (RBAC) | Kontrola dostępu na podstawie roli
What ensures clients only see their own data?,Unique logins and scoped access | Unikalne loginy i ograniczony dostęp
How can clients request more access?,Through access request workflow | Poprzez workflow wniosków o dostęp
What is one business benefit of IAM in the client portal?,Improved customer experience | Lepsze doświadczenie klienta
