Question (EN),Answer (EN + PL)
What is role mapping?,Assigning access based on job roles | Przypisywanie dostępu na podstawie ról zawodowych
What is least privilege?,Users only get the access needed for their job | Użytkownicy mają tylko niezbędne uprawnienia
Why use SSO?,To improve UX with one login across systems | Aby poprawić UX poprzez jedno logowanie
What is provisioning?,Automated creation of user accounts and access | Automatyczne tworzenie kont i nadawanie dostępu
Why is compliance important in IAM?,To meet legal and regulatory standards | Aby spełniać wymagania prawne i branżowe
