Question (EN),Answer (EN + PL)
What is the principle of least privilege?,Users get only the access needed for their job | Dostęp tylko do niezbędnych zasobów
What is RBAC?,Role-Based Access Control – assigns access based on job roles | Kontrola dostępu na podstawie roli
Why is user lifecycle management important?,"Ensures access matches onboarding, role changes, offboarding | Dopasowuje dostęp do cyklu życia użytkownika"
What does MFA add to security?,Requires more than one method to verify identity | Wymaga więcej niż jednej metody uwierzytelniania
Why are audit and monitoring essential in IAM?,"Track activity, detect misuse, and ensure compliance | Śledzą działania, wykrywają nadużycia, zapewniają zgodność"
